Rank,Club,Country,Level,Elo,From,To
None,Bournemouth,ENG,2,1428.95483398,1987-07-01,1987-08-15
None,Bournemouth,ENG,2,1441.60913086,1987-08-16,1987-08-22
None,Bournemouth,ENG,2,1451.54882812,1987-08-23,1987-08-29
None,Bournemouth,ENG,2,1455.96801758,1987-08-30,1987-08-31
None,Bournemouth,ENG,2,1446.30102539,1987-09-01,1987-09-05
None,Bournemouth,ENG,2,1441.97119141,1987-09-06,1987-09-12
None,Bournemouth,ENG,2,1452.88574219,1987-09-13,1987-09-15
None,Bournemouth,ENG,2,1442.34680176,1987-09-16,1987-09-19
None,Bournemouth,ENG,2,1433.62158203,1987-09-20,1987-09-26
None,Bournemouth,ENG,2,1427.28088379,1987-09-27,1987-09-29
None,Bournemouth,ENG,2,1425.62402344,1987-09-30,1987-10-03
None,Bournemouth,ENG,2,1421.64013672,1987-10-04,1987-10-10
None,Bournemouth,ENG,2,1420.07287598,1987-10-11,1987-10-17
None,Bournemouth,ENG,2,1426.85534668,1987-10-18,1987-10-20
None,Bournemouth,ENG,2,1436.3269043,1987-10-21,1987-10-24
None,Bournemouth,ENG,2,1432.35681152,1987-10-25,1987-10-31
None,Bournemouth,ENG,2,1433.47521973,1987-11-01,1987-11-03
None,Bournemouth,ENG,2,1445.44177246,1987-11-04,1987-11-07
None,Bournemouth,ENG,2,1437.22521973,1987-11-08,1987-11-21
None,Bournemouth,ENG,2,1421.08972168,1987-11-22,1987-11-28
None,Bournemouth,ENG,2,1414.62011719,1987-11-29,1987-12-01
None,Bournemouth,ENG,2,1406.90478516,1987-12-02,1987-12-05
None,Bournemouth,ENG,2,1405.59155273,1987-12-06,1987-12-12
None,Bournemouth,ENG,2,1401.6027832,1987-12-13,1987-12-19
None,Bournemouth,ENG,2,1403.05993652,1987-12-20,1987-12-26
None,Bournemouth,ENG,2,1416.47912598,1987-12-27,1987-12-28
None,Bournemouth,ENG,2,1422.69934082,1987-12-29,1988-01-01
None,Bournemouth,ENG,2,1432.12670898,1988-01-02,1988-01-16
None,Bournemouth,ENG,2,1421.66955566,1988-01-17,1988-02-06
None,Bournemouth,ENG,2,1439.13842773,1988-02-07,1988-02-13
None,Bournemouth,ENG,2,1434.2623291,1988-02-14,1988-02-27
None,Bournemouth,ENG,2,1434.20214844,1988-02-28,1988-03-05
None,Bournemouth,ENG,2,1429.58081055,1988-03-06,1988-03-08
None,Bournemouth,ENG,2,1425.27624512,1988-03-09,1988-03-12
None,Bournemouth,ENG,2,1421.27832031,1988-03-13,1988-03-19
None,Bournemouth,ENG,2,1434.07678223,1988-03-20,1988-03-26
None,Bournemouth,ENG,2,1435.39001465,1988-03-27,1988-04-02
None,Bournemouth,ENG,2,1429.23718262,1988-04-03,1988-04-08
None,Bournemouth,ENG,2,1424.0645752,1988-04-09,1988-04-13
None,Bournemouth,ENG,2,1426.72033691,1988-04-14,1988-04-19
None,Bournemouth,ENG,2,1420.04309082,1988-04-20,1988-04-26
None,Bournemouth,ENG,2,1431.91088867,1988-04-27,1988-04-30
None,Bournemouth,ENG,2,1440.07592773,1988-05-01,1988-05-02
None,Bournemouth,ENG,2,1449.97692871,1988-05-03,1988-05-07
None,Bournemouth,ENG,2,1445.18017578,1988-05-08,1988-08-27
None,Bournemouth,ENG,2,1447.23242188,1988-08-28,1988-09-03
None,Bournemouth,ENG,2,1457.79760742,1988-09-04,1988-09-07
None,Bournemouth,ENG,2,1458.98669434,1988-09-08,1988-09-10
None,Bournemouth,ENG,2,1467.84924316,1988-09-11,1988-09-17
None,Bournemouth,ENG,2,1467.7154541,1988-09-18,1988-09-20
None,Bournemouth,ENG,2,1459.82653809,1988-09-21,1988-09-24
None,Bournemouth,ENG,2,1468.59387207,1988-09-25,1988-10-01
None,Bournemouth,ENG,2,1463.04943848,1988-10-02,1988-10-05
None,Bournemouth,ENG,2,1469.42199707,1988-10-06,1988-10-08
None,Bournemouth,ENG,2,1457.47277832,1988-10-09,1988-10-15
None,Bournemouth,ENG,2,1453.95739746,1988-10-16,1988-10-21
None,Bournemouth,ENG,2,1443.50610352,1988-10-22,1988-10-25
None,Bournemouth,ENG,2,1437.72351074,1988-10-26,1988-10-26
None,Bournemouth,ENG,2,1430.88977051,1988-10-27,1988-10-29
None,Bournemouth,ENG,2,1439.78344727,1988-10-30,1988-11-05
None,Bournemouth,ENG,2,1452.12890625,1988-11-06,1988-11-09
None,Bournemouth,ENG,2,1446.89013672,1988-11-10,1988-11-12
None,Bournemouth,ENG,2,1459.7713623,1988-11-13,1988-11-19
None,Bournemouth,ENG,2,1452.27441406,1988-11-20,1988-11-26
None,Bournemouth,ENG,2,1443.40014648,1988-11-27,1988-11-29
None,Bournemouth,ENG,2,1456.0447998,1988-11-30,1988-12-03
None,Bournemouth,ENG,2,1464.53930664,1988-12-04,1988-12-10
None,Bournemouth,ENG,2,1467.86499023,1988-12-11,1988-12-17
None,Bournemouth,ENG,2,1472.19897461,1988-12-18,1988-12-26
None,Bournemouth,ENG,2,1483.56689453,1988-12-27,1988-12-31
None,Bournemouth,ENG,2,1480.16809082,1989-01-01,1989-01-02
None,Bournemouth,ENG,2,1485.10595703,1989-01-03,1989-01-14
None,Bournemouth,ENG,2,1472.49206543,1989-01-15,1989-01-21
None,Bournemouth,ENG,2,1463.18151855,1989-01-22,1989-02-04
None,Bournemouth,ENG,2,1471.10705566,1989-02-05,1989-02-11
None,Bournemouth,ENG,2,1478.86633301,1989-02-12,1989-02-25
None,Bournemouth,ENG,2,1485.99084473,1989-02-26,1989-02-28
None,Bournemouth,ENG,2,1484.10900879,1989-03-01,1989-03-04
None,Bournemouth,ENG,2,1496.05725098,1989-03-05,1989-03-11
None,Bournemouth,ENG,2,1505.86950684,1989-03-12,1989-03-14
None,Bournemouth,ENG,2,1498.44421387,1989-03-15,1989-03-18
None,Bournemouth,ENG,2,1489.61938477,1989-03-19,1989-03-25
None,Bournemouth,ENG,2,1486.2199707,1989-03-26,1989-03-27
None,Bournemouth,ENG,2,1492.61535645,1989-03-28,1989-04-01
None,Bournemouth,ENG,2,1484.33569336,1989-04-02,1989-04-04
None,Bournemouth,ENG,2,1483.65686035,1989-04-05,1989-04-08
None,Bournemouth,ENG,2,1476.07958984,1989-04-09,1989-04-11
None,Bournemouth,ENG,2,1468.67810059,1989-04-12,1989-04-15
None,Bournemouth,ENG,2,1459.62145996,1989-04-16,1989-04-22
None,Bournemouth,ENG,2,1453.08898926,1989-04-23,1989-04-29
None,Bournemouth,ENG,2,1461.02966309,1989-04-30,1989-05-01
None,Bournemouth,ENG,2,1455.5291748,1989-05-02,1989-05-06
None,Bournemouth,ENG,2,1461.15856934,1989-05-07,1989-05-13
None,Bournemouth,ENG,2,1458.66271973,1989-05-14,1989-08-19
None,Bournemouth,ENG,2,1452.51501465,1989-08-20,1989-08-22
None,Bournemouth,ENG,2,1452.05175781,1989-08-23,1989-08-26
None,Bournemouth,ENG,2,1457.41906738,1989-08-27,1989-09-02
None,Bournemouth,ENG,2,1462.3704834,1989-09-03,1989-09-09
None,Bournemouth,ENG,2,1472.04174805,1989-09-10,1989-09-13
None,Bournemouth,ENG,2,1474.29504395,1989-09-14,1989-09-16
None,Bournemouth,ENG,2,1470.89282227,1989-09-17,1989-09-23
None,Bournemouth,ENG,2,1459.85925293,1989-09-24,1989-09-26
None,Bournemouth,ENG,2,1456.98461914,1989-09-27,1989-09-30
None,Bournemouth,ENG,2,1467.8626709,1989-10-01,1989-10-07
None,Bournemouth,ENG,2,1463.55578613,1989-10-08,1989-10-14
None,Bournemouth,ENG,2,1473.35644531,1989-10-15,1989-10-17
None,Bournemouth,ENG,2,1478.06469727,1989-10-18,1989-10-21
None,Bournemouth,ENG,2,1466.34228516,1989-10-22,1989-11-01
None,Bournemouth,ENG,2,1468.10375977,1989-11-02,1989-11-04
None,Bournemouth,ENG,2,1462.30957031,1989-11-05,1989-11-11
None,Bournemouth,ENG,2,1453.01708984,1989-11-12,1989-11-18
None,Bournemouth,ENG,2,1458.08129883,1989-11-19,1989-11-25
None,Bournemouth,ENG,2,1452.54284668,1989-11-26,1989-12-02
None,Bournemouth,ENG,2,1438.07678223,1989-12-03,1989-12-05
None,Bournemouth,ENG,2,1451.13598633,1989-12-06,1989-12-09
None,Bournemouth,ENG,2,1455.16442871,1989-12-10,1989-12-16
None,Bournemouth,ENG,2,1461.40380859,1989-12-17,1989-12-26
None,Bournemouth,ENG,2,1455.72094727,1989-12-27,1989-12-30
None,Bournemouth,ENG,2,1446.8684082,1989-12-31,1990-01-01
None,Bournemouth,ENG,2,1444.40124512,1990-01-02,1990-01-13
None,Bournemouth,ENG,2,1461.69995117,1990-01-14,1990-01-20
None,Bournemouth,ENG,2,1472.93005371,1990-01-21,1990-02-03
None,Bournemouth,ENG,2,1476.9375,1990-02-04,1990-02-10
None,Bournemouth,ENG,2,1475.8918457,1990-02-11,1990-02-24
None,Bournemouth,ENG,2,1481.28466797,1990-02-25,1990-02-28
None,Bournemouth,ENG,2,1474.7175293,1990-03-01,1990-03-03
None,Bournemouth,ENG,2,1475.50683594,1990-03-04,1990-03-06
None,Bournemouth,ENG,2,1466.08520508,1990-03-07,1990-03-10
None,Bournemouth,ENG,2,1468.92541504,1990-03-11,1990-03-17
None,Bournemouth,ENG,2,1459.90124512,1990-03-18,1990-03-20
None,Bournemouth,ENG,2,1451.99633789,1990-03-21,1990-03-24
None,Bournemouth,ENG,2,1451.65258789,1990-03-25,1990-03-31
None,Bournemouth,ENG,2,1445.85290527,1990-04-01,1990-04-03
None,Bournemouth,ENG,2,1445.07714844,1990-04-04,1990-04-07
None,Bournemouth,ENG,2,1437.99926758,1990-04-08,1990-04-11
None,Bournemouth,ENG,2,1432.9822998,1990-04-12,1990-04-14
None,Bournemouth,ENG,2,1426.90393066,1990-04-15,1990-04-17
None,Bournemouth,ENG,2,1418.73706055,1990-04-18,1990-04-21
None,Bournemouth,ENG,2,1430.55224609,1990-04-22,1990-04-28
None,Bournemouth,ENG,2,1425.15063477,1990-04-29,1990-05-05
None,Bournemouth,ENG,2,1419.25964355,1990-05-06,1990-07-04
None,Bournemouth,ENG,2,1383.5793457,2013-07-01,2013-08-01
None,Bournemouth,ENG,2,1386.2088623,2013-08-02,2013-08-03
None,Bournemouth,ENG,2,1395.11450195,2013-08-04,2013-08-08
None,Bournemouth,ENG,2,1395.22753906,2013-08-09,2013-08-10
None,Bournemouth,ENG,2,1387.84020996,2013-08-11,2013-08-17
None,Bournemouth,ENG,2,1400.47094727,2013-08-18,2013-08-21
None,Bournemouth,ENG,2,1403.05627441,2013-08-22,2013-08-22
None,Bournemouth,ENG,2,1406.20373535,2013-08-23,2013-08-24
None,Bournemouth,ENG,2,1394.31872559,2013-08-25,2013-08-27
None,Bournemouth,ENG,2,1394.75915527,2013-08-28,2013-08-29
None,Bournemouth,ENG,2,1394.55432129,2013-08-30,2013-08-31
None,Bournemouth,ENG,2,1404.17126465,2013-09-01,2013-09-14
None,Bournemouth,ENG,2,1397.85253906,2013-09-15,2013-09-17
None,Bournemouth,ENG,2,1410.12414551,2013-09-18,2013-09-18
None,Bournemouth,ENG,2,1407.16394043,2013-09-19,2013-09-19
None,Bournemouth,ENG,2,1414.40441895,2013-09-20,2013-09-21
None,Bournemouth,ENG,2,1416.79943848,2013-09-22,2013-09-28
None,Bournemouth,ENG,2,1406.43762207,2013-09-29,2013-10-01
None,Bournemouth,ENG,2,1405.25952148,2013-10-02,2013-10-02
None,Bournemouth,ENG,2,1402.75830078,2013-10-03,2013-10-03
None,Bournemouth,ENG,2,1406.35546875,2013-10-04,2013-10-05
None,Bournemouth,ENG,2,1418.80493164,2013-10-06,2013-10-19
None,Bournemouth,ENG,2,1423.77404785,2013-10-20,2013-10-22
None,Bournemouth,ENG,2,1424.76989746,2013-10-23,2013-10-23
None,Bournemouth,ENG,2,1427.24279785,2013-10-24,2013-10-24
None,Bournemouth,ENG,2,1426.11767578,2013-10-25,2013-10-26
None,Bournemouth,ENG,2,1422.4329834,2013-10-27,2013-11-02
None,Bournemouth,ENG,2,1412.37902832,2013-11-03,2013-11-05
None,Bournemouth,ENG,2,1413.11413574,2013-11-06,2013-11-06
None,Bournemouth,ENG,2,1418.47363281,2013-11-07,2013-11-07
None,Bournemouth,ENG,2,1416.69360352,2013-11-08,2013-11-09
None,Bournemouth,ENG,2,1422.62512207,2013-11-10,2013-11-23
None,Bournemouth,ENG,2,1415.54064941,2013-11-24,2013-11-26
None,Bournemouth,ENG,2,1412.6060791,2013-11-27,2013-11-27
None,Bournemouth,ENG,2,1419.28149414,2013-11-28,2013-11-28
None,Bournemouth,ENG,2,1413.56811523,2013-11-29,2013-11-30
None,Bournemouth,ENG,2,1416.00024414,2013-12-01,2013-12-03
None,Bournemouth,ENG,2,1411.19165039,2013-12-04,2013-12-07
None,Bournemouth,ENG,2,1425.02392578,2013-12-08,2013-12-10
None,Bournemouth,ENG,2,1430.42248535,2013-12-11,2013-12-11
None,Bournemouth,ENG,2,1426.64575195,2013-12-12,2013-12-12
None,Bournemouth,ENG,2,1421.17468262,2013-12-13,2013-12-14
None,Bournemouth,ENG,2,1410.28112793,2013-12-15,2013-12-21
None,Bournemouth,ENG,2,1420.98486328,2013-12-22,2013-12-26
None,Bournemouth,ENG,2,1431.84973145,2013-12-27,2013-12-29
None,Bournemouth,ENG,2,1433.3092041,2013-12-30,2014-01-01
None,Bournemouth,ENG,2,1438.03979492,2014-01-02,2014-01-11
None,Bournemouth,ENG,2,1431.44677734,2014-01-12,2014-01-18
None,Bournemouth,ENG,2,1432.38623047,2014-01-19,2014-01-28
None,Bournemouth,ENG,2,1439.99584961,2014-01-29,2014-02-01
None,Bournemouth,ENG,2,1434.7857666,2014-02-02,2014-02-08
None,Bournemouth,ENG,2,1438.13879395,2014-02-09,2014-02-15
None,Bournemouth,ENG,2,1440.46704102,2014-02-16,2014-02-18
None,Bournemouth,ENG,2,1437.57788086,2014-02-19,2014-02-19
None,Bournemouth,ENG,2,1436.14343262,2014-02-20,2014-02-20
None,Bournemouth,ENG,2,1434.08312988,2014-02-21,2014-02-22
None,Bournemouth,ENG,2,1430.53625488,2014-02-23,2014-02-25
None,Bournemouth,ENG,2,1426.22070312,2014-02-26,2014-02-26
None,Bournemouth,ENG,2,1426.08972168,2014-02-27,2014-02-27
None,Bournemouth,ENG,2,1426.48242188,2014-02-28,2014-03-01
None,Bournemouth,ENG,2,1438.96911621,2014-03-02,2014-03-08
None,Bournemouth,ENG,2,1448.0723877,2014-03-09,2014-03-11
None,Bournemouth,ENG,2,1448.32214355,2014-03-12,2014-03-12
None,Bournemouth,ENG,2,1458.35717773,2014-03-13,2014-03-13
None,Bournemouth,ENG,2,1454.30615234,2014-03-14,2014-03-15
None,Bournemouth,ENG,2,1453.07568359,2014-03-16,2014-03-18
None,Bournemouth,ENG,2,1447.47424316,2014-03-19,2014-03-19
None,Bournemouth,ENG,2,1453.75756836,2014-03-20,2014-03-20
None,Bournemouth,ENG,2,1453.81835938,2014-03-21,2014-03-22
None,Bournemouth,ENG,2,1461.95007324,2014-03-23,2014-03-25
None,Bournemouth,ENG,2,1472.78320312,2014-03-26,2014-03-29
None,Bournemouth,ENG,2,1485.64770508,2014-03-30,2014-04-01
None,Bournemouth,ENG,2,1485.85229492,2014-04-02,2014-04-02
None,Bournemouth,ENG,2,1482.45983887,2014-04-03,2014-04-05
None,Bournemouth,ENG,2,1491.11120605,2014-04-06,2014-04-08
None,Bournemouth,ENG,2,1507.9083252,2014-04-09,2014-04-09
None,Bournemouth,ENG,2,1506.34533691,2014-04-10,2014-04-12
None,Bournemouth,ENG,2,1504.65637207,2014-04-13,2014-04-18
None,Bournemouth,ENG,2,1490.50439453,2014-04-19,2014-04-21
None,Bournemouth,ENG,2,1492.765625,2014-04-22,2014-04-22
None,Bournemouth,ENG,2,1493.25634766,2014-04-23,2014-04-26
None,Bournemouth,ENG,2,1505.12475586,2014-04-27,2014-04-30
None,Bournemouth,ENG,2,1500.72680664,2014-05-01,2014-05-03
None,Bournemouth,ENG,2,1491.72387695,2014-05-04,2014-07-31
None,Bournemouth,ENG,2,1491.21875,2014-08-01,2014-08-07
None,Bournemouth,ENG,2,1492.92919922,2014-08-08,2014-08-09
None,Bournemouth,ENG,2,1507.9732666,2014-08-10,2014-08-16
None,Bournemouth,ENG,2,1512.7355957,2014-08-17,2014-08-19
None,Bournemouth,ENG,2,1502.40332031,2014-08-20,2014-08-21
None,Bournemouth,ENG,2,1500.11401367,2014-08-22,2014-08-23
None,Bournemouth,ENG,2,1494.20996094,2014-08-24,2014-08-27
None,Bournemouth,ENG,2,1495.75341797,2014-08-28,2014-08-28
None,Bournemouth,ENG,2,1494.46813965,2014-08-29,2014-08-30
None,Bournemouth,ENG,2,1498.90856934,2014-08-31,2014-09-13
None,Bournemouth,ENG,2,1495.15661621,2014-09-14,2014-09-16
None,Bournemouth,ENG,2,1477.24523926,2014-09-17,2014-09-17
None,Bournemouth,ENG,2,1474.06384277,2014-09-18,2014-09-18
None,Bournemouth,ENG,2,1474.48669434,2014-09-19,2014-09-20
None,Bournemouth,ENG,2,1476.92224121,2014-09-21,2014-09-27
None,Bournemouth,ENG,2,1487.82702637,2014-09-28,2014-09-30
None,Bournemouth,ENG,2,1481.24377441,2014-10-01,2014-10-01
None,Bournemouth,ENG,2,1479.3894043,2014-10-02,2014-10-02
None,Bournemouth,ENG,2,1476.89074707,2014-10-03,2014-10-04
None,Bournemouth,ENG,2,1485.47509766,2014-10-05,2014-10-18
None,Bournemouth,ENG,2,1491.99304199,2014-10-19,2014-10-21
None,Bournemouth,ENG,2,1502.98596191,2014-10-22,2014-10-22
None,Bournemouth,ENG,2,1501.83007812,2014-10-23,2014-10-23
None,Bournemouth,ENG,2,1502.44970703,2014-10-24,2014-10-25
None,Bournemouth,ENG,2,1521.10107422,2014-10-26,2014-11-01
None,Bournemouth,ENG,2,1526.80517578,2014-11-02,2014-11-04
None,Bournemouth,ENG,2,1534.84802246,2014-11-05,2014-11-05
None,Bournemouth,ENG,2,1527.90515137,2014-11-06,2014-11-06
None,Bournemouth,ENG,2,1531.05944824,2014-11-07,2014-11-08
None,Bournemouth,ENG,2,1532.8203125,2014-11-09,2014-11-22
None,Bournemouth,ENG,2,1530.9564209,2014-11-23,2014-11-25
None,Bournemouth,ENG,2,1538.54431152,2014-11-26,2014-11-26
None,Bournemouth,ENG,2,1539.99926758,2014-11-27,2014-11-27
None,Bournemouth,ENG,2,1544.35583496,2014-11-28,2014-11-29
None,Bournemouth,ENG,2,1539.4765625,2014-11-30,2014-12-06
None,Bournemouth,ENG,2,1546.05688477,2014-12-07,2014-12-09
None,Bournemouth,ENG,2,1547.25024414,2014-12-10,2014-12-10
None,Bournemouth,ENG,2,1550.49389648,2014-12-11,2014-12-11
None,Bournemouth,ENG,2,1543.50830078,2014-12-12,2014-12-13
None,Bournemouth,ENG,2,1551.88806152,2014-12-14,2014-12-20
None,Bournemouth,ENG,2,1562.69238281,2014-12-21,2014-12-26
None,Bournemouth,ENG,2,1570.12194824,2014-12-27,2014-12-28
None,Bournemouth,ENG,2,1577.43652344,2014-12-29,2015-01-10
None,Bournemouth,ENG,2,1567.73303223,2015-01-11,2015-01-17
None,Bournemouth,ENG,2,1575.42114258,2015-01-18,2015-01-20
None,Bournemouth,ENG,2,1564.6583252,2015-01-21,2015-01-30
None,Bournemouth,ENG,2,1572.92663574,2015-01-31,2015-02-07
None,Bournemouth,ENG,2,1581.42810059,2015-02-08,2015-02-10
None,Bournemouth,ENG,2,1580.94116211,2015-02-11,2015-02-14
None,Bournemouth,ENG,2,1575.7791748,2015-02-15,2015-02-17
None,Bournemouth,ENG,2,1576.16516113,2015-02-18,2015-02-19
None,Bournemouth,ENG,2,1579.15234375,2015-02-20,2015-02-21
None,Bournemouth,ENG,2,1566.23742676,2015-02-22,2015-02-24
None,Bournemouth,ENG,2,1564.22155762,2015-02-25,2015-02-25
None,Bournemouth,ENG,2,1549.02844238,2015-02-26,2015-02-26
None,Bournemouth,ENG,2,1542.2644043,2015-02-27,2015-02-28
None,Bournemouth,ENG,2,1539.19836426,2015-03-01,2015-03-03
None,Bournemouth,ENG,2,1544.54309082,2015-03-04,2015-03-06
None,Bournemouth,ENG,2,1558.93225098,2015-03-07,2015-03-11
None,Bournemouth,ENG,2,1555.12927246,2015-03-12,2015-03-12
None,Bournemouth,ENG,2,1556.29528809,2015-03-13,2015-03-14
None,Bournemouth,ENG,2,1560.32617188,2015-03-15,2015-03-17
None,Bournemouth,ENG,2,1562.1192627,2015-03-18,2015-03-18
None,Bournemouth,ENG,2,1561.55639648,2015-03-19,2015-03-19
None,Bournemouth,ENG,2,1555.27038574,2015-03-20,2015-03-21
None,Bournemouth,ENG,2,1567.15087891,2015-03-22,2015-04-03
None,Bournemouth,ENG,2,1567.37329102,2015-04-04,2015-04-06
None,Bournemouth,ENG,2,1572.49926758,2015-04-07,2015-04-10
None,Bournemouth,ENG,2,1581.56713867,2015-04-11,2015-04-14
None,Bournemouth,ENG,2,1586.70300293,2015-04-15,2015-04-18
None,Bournemouth,ENG,2,1581.78771973,2015-04-19,2015-04-27
None,Bournemouth,ENG,2,1588.39196777,2015-04-28,2015-05-02
None,Bournemouth,ENG,2,1598.25939941,2015-05-03,2015-07-01
None,Bournemouth,ENG,1,1598.25939941,2015-07-02,2015-07-02
None,Bournemouth,ENG,1,1598.26379395,2015-07-03,2015-07-09
None,Bournemouth,ENG,1,1598.26391602,2015-07-10,2015-07-16
None,Bournemouth,ENG,1,1598.26416016,2015-07-17,2015-07-23
None,Bournemouth,ENG,1,1593.67114258,2015-07-24,2015-07-30
None,Bournemouth,ENG,1,1593.92333984,2015-07-31,2015-08-06
None,Bournemouth,ENG,1,1591.44885254,2015-08-07,2015-08-08
None,Bournemouth,ENG,1,1581.74780273,2015-08-09,2015-08-17
None,Bournemouth,ENG,1,1578.66943359,2015-08-18,2015-08-18
None,Bournemouth,ENG,1,1580.08361816,2015-08-19,2015-08-20
None,Bournemouth,ENG,1,1578.68005371,2015-08-21,2015-08-22
None,Bournemouth,ENG,1,1588.60083008,2015-08-23,2015-08-26
None,Bournemouth,ENG,1,1590.30065918,2015-08-27,2015-08-27
None,Bournemouth,ENG,1,1585.35986328,2015-08-28,2015-08-29
None,Bournemouth,ENG,1,1585.75390625,2015-08-30,2015-09-12
None,Bournemouth,ENG,1,1576.51525879,2015-09-13,2015-09-15
None,Bournemouth,ENG,1,1569.75378418,2015-09-16,2015-09-16
None,Bournemouth,ENG,1,1566.70861816,2015-09-17,2015-09-17
None,Bournemouth,ENG,1,1567.78173828,2015-09-18,2015-09-19
None,Bournemouth,ENG,1,1577.42236328,2015-09-20,2015-09-26
None,Bournemouth,ENG,1,1572.46936035,2015-09-27,2015-09-29
None,Bournemouth,ENG,1,1565.98657227,2015-09-30,2015-09-30
None,Bournemouth,ENG,1,1570.67102051,2015-10-01,2015-10-01
None,Bournemouth,ENG,1,1569.16381836,2015-10-02,2015-10-03
None,Bournemouth,ENG,1,1568.09008789,2015-10-04,2015-10-17
None,Bournemouth,ENG,1,1564.83532715,2015-10-18,2015-10-20
None,Bournemouth,ENG,1,1570.14953613,2015-10-21,2015-10-21
None,Bournemouth,ENG,1,1572.6920166,2015-10-22,2015-10-22
None,Bournemouth,ENG,1,1567.6361084,2015-10-23,2015-10-25
None,Bournemouth,ENG,1,1557.60693359,2015-10-26,2015-11-01
None,Bournemouth,ENG,1,1552.02539062,2015-11-02,2015-11-03
None,Bournemouth,ENG,1,1558.08886719,2015-11-04,2015-11-04
None,Bournemouth,ENG,1,1557.6348877,2015-11-05,2015-11-05
None,Bournemouth,ENG,1,1560.80175781,2015-11-06,2015-11-07
None,Bournemouth,ENG,1,1552.09631348,2015-11-08,2015-11-21
None,Bournemouth,ENG,1,1555.93530273,2015-11-22,2015-11-24
None,Bournemouth,ENG,1,1558.91674805,2015-11-25,2015-11-25
None,Bournemouth,ENG,1,1555.23986816,2015-11-26,2015-11-26
None,Bournemouth,ENG,1,1557.36035156,2015-11-27,2015-11-28
None,Bournemouth,ENG,1,1560.87719727,2015-11-29,2015-12-05
None,Bournemouth,ENG,1,1575.31616211,2015-12-06,2015-12-08
None,Bournemouth,ENG,1,1575.49658203,2015-12-09,2015-12-09
None,Bournemouth,ENG,1,1582.29406738,2015-12-10,2015-12-10
None,Bournemouth,ENG,1,1583.1439209,2015-12-11,2015-12-12
None,Bournemouth,ENG,1,1595.90332031,2015-12-13,2015-12-19
98,Bournemouth,ENG,1,1606.61816406,2015-12-20,2015-12-26
96,Bournemouth,ENG,1,1607.85131836,2015-12-27,2015-12-28
100,Bournemouth,ENG,1,1604.78466797,2015-12-29,2016-01-02
98,Bournemouth,ENG,1,1609.42468262,2016-01-03,2016-01-06
97,Bournemouth,ENG,1,1609.42468262,2016-01-07,2016-01-12
None,Bournemouth,ENG,1,1598.44836426,2016-01-13,2016-01-16
97,Bournemouth,ENG,1,1610.32165527,2016-01-17,2016-01-17
96,Bournemouth,ENG,1,1610.32165527,2016-01-18,2016-01-23
95,Bournemouth,ENG,1,1611.30944824,2016-01-24,2016-02-02
90,Bournemouth,ENG,1,1621.94445801,2016-02-03,2016-02-05
89,Bournemouth,ENG,1,1621.94445801,2016-02-06,2016-02-06
88,Bournemouth,ENG,1,1621.94445801,2016-02-07,2016-02-07
93,Bournemouth,ENG,1,1615.87890625,2016-02-08,2016-02-13
99,Bournemouth,ENG,1,1604.96447754,2016-02-14,2016-02-14
100,Bournemouth,ENG,1,1604.96447754,2016-02-15,2016-02-16
100,Bournemouth,ENG,1,1604.37878418,2016-02-17,2016-02-18
None,Bournemouth,ENG,1,1603.60217285,2016-02-19,2016-02-23
None,Bournemouth,ENG,1,1602.47851562,2016-02-24,2016-02-24
None,Bournemouth,ENG,1,1606.06408691,2016-02-25,2016-02-25
90,Bournemouth,ENG,1,1615.30761719,2016-02-26,2016-02-27
87,Bournemouth,ENG,1,1617.8651123,2016-02-28,2016-03-01
80,Bournemouth,ENG,1,1631.97314453,2016-03-02,2016-03-05
72,Bournemouth,ENG,1,1643.72973633,2016-03-06,2016-03-06
71,Bournemouth,ENG,1,1643.72973633,2016-03-07,2016-03-09
72,Bournemouth,ENG,1,1641.1920166,2016-03-10,2016-03-10
78,Bournemouth,ENG,1,1636.9934082,2016-03-11,2016-03-12
71,Bournemouth,ENG,1,1643.98876953,2016-03-13,2016-03-13
72,Bournemouth,ENG,1,1643.98876953,2016-03-14,2016-03-15
72,Bournemouth,ENG,1,1644.08190918,2016-03-16,2016-03-16
73,Bournemouth,ENG,1,1643.92211914,2016-03-17,2016-03-17
73,Bournemouth,ENG,1,1642.54736328,2016-03-18,2016-03-18
72,Bournemouth,ENG,1,1642.54736328,2016-03-19,2016-03-19
74,Bournemouth,ENG,1,1642.54736328,2016-03-20,2016-03-20
77,Bournemouth,ENG,1,1637.00280762,2016-03-21,2016-04-02
85,Bournemouth,ENG,1,1627.63684082,2016-04-03,2016-04-03
86,Bournemouth,ENG,1,1627.63684082,2016-04-04,2016-04-06
82,Bournemouth,ENG,1,1629.2545166,2016-04-07,2016-04-07
81,Bournemouth,ENG,1,1630.60473633,2016-04-08,2016-04-09
78,Bournemouth,ENG,1,1637.02819824,2016-04-10,2016-04-12
76,Bournemouth,ENG,1,1639.61120605,2016-04-13,2016-04-14
72,Bournemouth,ENG,1,1643.27355957,2016-04-15,2016-04-15
73,Bournemouth,ENG,1,1643.27355957,2016-04-16,2016-04-16
72,Bournemouth,ENG,1,1643.27355957,2016-04-17,2016-04-17
78,Bournemouth,ENG,1,1638.05615234,2016-04-18,2016-04-20
77,Bournemouth,ENG,1,1638.05615234,2016-04-21,2016-04-21
78,Bournemouth,ENG,1,1638.05615234,2016-04-22,2016-04-23
87,Bournemouth,ENG,1,1628.84936523,2016-04-24,2016-04-24
85,Bournemouth,ENG,1,1628.84936523,2016-04-25,2016-04-26
85,Bournemouth,ENG,1,1629.1953125,2016-04-27,2016-04-28
86,Bournemouth,ENG,1,1627.81896973,2016-04-29,2016-04-30
93,Bournemouth,ENG,1,1622.8001709,2016-05-01,2016-05-01
92,Bournemouth,ENG,1,1622.8001709,2016-05-02,2016-05-02
90,Bournemouth,ENG,1,1622.8001709,2016-05-03,2016-05-04
90,Bournemouth,ENG,1,1621.50402832,2016-05-05,2016-05-05
88,Bournemouth,ENG,1,1628.93566895,2016-05-06,2016-05-07
90,Bournemouth,ENG,1,1627.94421387,2016-05-08,2016-05-08
91,Bournemouth,ENG,1,1627.94421387,2016-05-09,2016-05-11
90,Bournemouth,ENG,1,1627.94421387,2016-05-12,2016-05-12
91,Bournemouth,ENG,1,1627.94421387,2016-05-13,2016-05-14
90,Bournemouth,ENG,1,1627.94421387,2016-05-15,2016-05-15
88,Bournemouth,ENG,1,1627.94421387,2016-05-16,2016-05-16
89,Bournemouth,ENG,1,1627.94421387,2016-05-17,2016-05-17
92,Bournemouth,ENG,1,1623.31591797,2016-05-18,2016-05-18
97,Bournemouth,ENG,1,1619.6505127,2016-05-19,2016-05-19
96,Bournemouth,ENG,1,1619.6505127,2016-05-20,2016-05-21
94,Bournemouth,ENG,1,1619.6505127,2016-05-22,2016-05-22
93,Bournemouth,ENG,1,1619.6505127,2016-05-23,2016-05-25
94,Bournemouth,ENG,1,1619.6505127,2016-05-26,2016-05-29
95,Bournemouth,ENG,1,1619.6505127,2016-05-30,2016-06-11
94,Bournemouth,ENG,1,1619.6505127,2016-06-12,2016-06-18
95,Bournemouth,ENG,1,1619.6505127,2016-06-19,2016-07-26
96,Bournemouth,ENG,1,1619.6505127,2016-07-27,2016-07-27
95,Bournemouth,ENG,1,1619.6505127,2016-07-28,2016-07-28
95,Bournemouth,ENG,1,1618.58666992,2016-07-29,2016-07-30
96,Bournemouth,ENG,1,1618.58666992,2016-07-31,2016-08-03
97,Bournemouth,ENG,1,1618.58666992,2016-08-04,2016-08-04
95,Bournemouth,ENG,1,1619.90783691,2016-08-05,2016-08-05
94,Bournemouth,ENG,1,1619.90783691,2016-08-06,2016-08-14
97,Bournemouth,ENG,1,1612.43994141,2016-08-15,2016-08-16
97,Bournemouth,ENG,1,1613.74853516,2016-08-17,2016-08-18
96,Bournemouth,ENG,1,1613.76208496,2016-08-19,2016-08-21
98,Bournemouth,ENG,1,1609.65698242,2016-08-22,2016-08-24
98,Bournemouth,ENG,1,1609.6673584,2016-08-25,2016-08-25
None,Bournemouth,ENG,1,1602.58654785,2016-08-26,2016-08-27
None,Bournemouth,ENG,1,1604.57019043,2016-08-28,2016-09-10
98,Bournemouth,ENG,1,1611.86010742,2016-09-11,2016-09-11
97,Bournemouth,ENG,1,1611.86010742,2016-09-12,2016-09-13
97,Bournemouth,ENG,1,1613.01806641,2016-09-14,2016-09-14
94,Bournemouth,ENG,1,1615.10717773,2016-09-15,2016-09-15
97,Bournemouth,ENG,1,1613.46533203,2016-09-16,2016-09-17
98,Bournemouth,ENG,1,1609.84631348,2016-09-18,2016-09-18
99,Bournemouth,ENG,1,1609.84631348,2016-09-19,2016-09-20
98,Bournemouth,ENG,1,1609.84631348,2016-09-21,2016-09-22
97,Bournemouth,ENG,1,1609.84631348,2016-09-23,2016-09-23
98,Bournemouth,ENG,1,1609.84631348,2016-09-24,2016-09-24
89,Bournemouth,ENG,1,1619.3963623,2016-09-25,2016-09-25
88,Bournemouth,ENG,1,1619.3963623,2016-09-26,2016-09-27
87,Bournemouth,ENG,1,1623.86315918,2016-09-28,2016-09-28
88,Bournemouth,ENG,1,1623.09667969,2016-09-29,2016-09-29
88,Bournemouth,ENG,1,1622.54077148,2016-09-30,2016-10-01
87,Bournemouth,ENG,1,1624.59362793,2016-10-02,2016-10-02
88,Bournemouth,ENG,1,1624.59362793,2016-10-03,2016-10-15
80,Bournemouth,ENG,1,1637.8067627,2016-10-16,2016-10-16
81,Bournemouth,ENG,1,1637.8067627,2016-10-17,2016-10-17
82,Bournemouth,ENG,1,1637.8067627,2016-10-18,2016-10-18
82,Bournemouth,ENG,1,1639.19799805,2016-10-19,2016-10-19
83,Bournemouth,ENG,1,1638.28637695,2016-10-20,2016-10-20
81,Bournemouth,ENG,1,1636.98352051,2016-10-21,2016-10-22
78,Bournemouth,ENG,1,1640.609375,2016-10-23,2016-10-24
79,Bournemouth,ENG,1,1640.609375,2016-10-25,2016-10-26
78,Bournemouth,ENG,1,1640.609375,2016-10-27,2016-10-28
77,Bournemouth,ENG,1,1640.609375,2016-10-29,2016-10-29
87,Bournemouth,ENG,1,1629.41674805,2016-10-30,2016-10-30
86,Bournemouth,ENG,1,1629.41674805,2016-10-31,2016-11-01
81,Bournemouth,ENG,1,1634.74377441,2016-11-02,2016-11-02
84,Bournemouth,ENG,1,1630.38793945,2016-11-03,2016-11-03
86,Bournemouth,ENG,1,1628.56542969,2016-11-04,2016-11-04
85,Bournemouth,ENG,1,1628.56542969,2016-11-05,2016-11-05
93,Bournemouth,ENG,1,1618.23278809,2016-11-06,2016-11-13
92,Bournemouth,ENG,1,1618.23278809,2016-11-14,2016-11-19
84,Bournemouth,ENG,1,1629.17492676,2016-11-20,2016-11-20
83,Bournemouth,ENG,1,1629.17492676,2016-11-21,2016-11-22
86,Bournemouth,ENG,1,1627.97155762,2016-11-23,2016-11-23
86,Bournemouth,ENG,1,1626.88806152,2016-11-24,2016-11-24
85,Bournemouth,ENG,1,1625.69128418,2016-11-25,2016-11-25
86,Bournemouth,ENG,1,1625.69128418,2016-11-26,2016-11-26
85,Bournemouth,ENG,1,1625.69128418,2016-11-27,2016-11-27
86,Bournemouth,ENG,1,1622.6661377,2016-11-28,2016-11-28
87,Bournemouth,ENG,1,1622.6661377,2016-11-29,2016-11-30
89,Bournemouth,ENG,1,1622.6661377,2016-12-01,2016-12-03
91,Bournemouth,ENG,1,1622.6661377,2016-12-04,2016-12-04
82,Bournemouth,ENG,1,1634.41967773,2016-12-05,2016-12-06
82,Bournemouth,ENG,1,1634.88879395,2016-12-07,2016-12-07
82,Bournemouth,ENG,1,1632.2208252,2016-12-08,2016-12-08
82,Bournemouth,ENG,1,1632.51074219,2016-12-09,2016-12-09
81,Bournemouth,ENG,1,1632.51074219,2016-12-10,2016-12-10
87,Bournemouth,ENG,1,1625.69250488,2016-12-11,2016-12-13
83,Bournemouth,ENG,1,1635.06347656,2016-12-14,2016-12-17
81,Bournemouth,ENG,1,1635.06347656,2016-12-18,2016-12-18
86,Bournemouth,ENG,1,1624.60778809,2016-12-19,2016-12-26
87,Bournemouth,ENG,1,1621.25195312,2016-12-27,2016-12-31
81,Bournemouth,ENG,1,1636.94177246,2017-01-01,2017-01-03
78,Bournemouth,ENG,1,1641.54553223,2017-01-04,2017-01-08
80,Bournemouth,ENG,1,1641.54553223,2017-01-09,2017-01-14
84,Bournemouth,ENG,1,1628.78894043,2017-01-15,2017-01-15
83,Bournemouth,ENG,1,1628.78894043,2017-01-16,2017-01-21
85,Bournemouth,ENG,1,1626.35705566,2017-01-22,2017-01-22
84,Bournemouth,ENG,1,1626.35705566,2017-01-23,2017-01-29
83,Bournemouth,ENG,1,1626.35705566,2017-01-30,2017-01-31
91,Bournemouth,ENG,1,1610.99487305,2017-02-01,2017-02-03
92,Bournemouth,ENG,1,1610.99487305,2017-02-04,2017-02-04
98,Bournemouth,ENG,1,1604.91040039,2017-02-05,2017-02-05
100,Bournemouth,ENG,1,1604.91040039,2017-02-06,2017-02-06
None,Bournemouth,ENG,1,1604.91040039,2017-02-07,2017-02-11
99,Bournemouth,ENG,1,1604.91040039,2017-02-12,2017-02-12
95,Bournemouth,ENG,1,1604.91040039,2017-02-13,2017-02-13
97,Bournemouth,ENG,1,1599.46606445,2017-02-14,2017-02-15
None,Bournemouth,ENG,1,1596.66540527,2017-02-16,2017-02-16
None,Bournemouth,ENG,1,1597.78881836,2017-02-17,2017-02-21
100,Bournemouth,ENG,1,1600.10705566,2017-02-22,2017-02-22
100,Bournemouth,ENG,1,1600.82043457,2017-02-23,2017-02-23
None,Bournemouth,ENG,1,1595.76306152,2017-02-24,2017-02-25
None,Bournemouth,ENG,1,1591.35266113,2017-02-26,2017-03-04
None,Bournemouth,ENG,1,1598.4029541,2017-03-05,2017-03-07
None,Bournemouth,ENG,1,1597.38806152,2017-03-08,2017-03-09
None,Bournemouth,ENG,1,1597.9050293,2017-03-10,2017-03-11
96,Bournemouth,ENG,1,1605.93395996,2017-03-12,2017-03-12
97,Bournemouth,ENG,1,1605.93395996,2017-03-13,2017-03-14
91,Bournemouth,ENG,1,1612.08544922,2017-03-15,2017-03-15
96,Bournemouth,ENG,1,1606.99804688,2017-03-16,2017-03-16
97,Bournemouth,ENG,1,1608.48364258,2017-03-17,2017-03-18
86,Bournemouth,ENG,1,1617.59301758,2017-03-19,2017-04-01
87,Bournemouth,ENG,1,1621.71740723,2017-04-02,2017-04-04
88,Bournemouth,ENG,1,1621.71740723,2017-04-05,2017-04-05
85,Bournemouth,ENG,1,1628.35742188,2017-04-06,2017-04-08
85,Bournemouth,ENG,1,1622.94665527,2017-04-09,2017-04-09
88,Bournemouth,ENG,1,1622.94665527,2017-04-10,2017-04-10
89,Bournemouth,ENG,1,1622.94665527,2017-04-11,2017-04-12
88,Bournemouth,ENG,1,1622.5369873,2017-04-13,2017-04-13
87,Bournemouth,ENG,1,1623.01379395,2017-04-14,2017-04-15
88,Bournemouth,ENG,1,1619.11206055,2017-04-16,2017-04-16
89,Bournemouth,ENG,1,1619.11206055,2017-04-17,2017-04-18
90,Bournemouth,ENG,1,1618.57629395,2017-04-19,2017-04-19
89,Bournemouth,ENG,1,1618.57629395,2017-04-20,2017-04-20
89,Bournemouth,ENG,1,1620.0411377,2017-04-21,2017-04-22
85,Bournemouth,ENG,1,1629.76733398,2017-04-23,2017-04-23
83,Bournemouth,ENG,1,1629.76733398,2017-04-24,2017-04-25
84,Bournemouth,ENG,1,1629.76733398,2017-04-26,2017-04-26
85,Bournemouth,ENG,1,1629.76733398,2017-04-27,2017-04-29
82,Bournemouth,ENG,1,1638.05029297,2017-04-30,2017-05-01
83,Bournemouth,ENG,1,1638.05029297,2017-05-02,2017-05-04
80,Bournemouth,ENG,1,1639.8260498,2017-05-05,2017-05-05
81,Bournemouth,ENG,1,1639.8260498,2017-05-06,2017-05-06
84,Bournemouth,ENG,1,1637.9239502,2017-05-07,2017-05-07
83,Bournemouth,ENG,1,1637.9239502,2017-05-08,2017-05-08
82,Bournemouth,ENG,1,1637.9239502,2017-05-09,2017-05-11
81,Bournemouth,ENG,1,1638.01342773,2017-05-12,2017-05-13
76,Bournemouth,ENG,1,1644.04516602,2017-05-14,2017-05-14
74,Bournemouth,ENG,1,1644.04516602,2017-05-15,2017-05-18
73,Bournemouth,ENG,1,1644.04516602,2017-05-19,2017-05-21
69,Bournemouth,ENG,1,1648.03479004,2017-05-22,2017-05-24
68,Bournemouth,ENG,1,1650.79382324,2017-05-25,2017-05-27
69,Bournemouth,ENG,1,1650.79382324,2017-05-28,2017-07-06
70,Bournemouth,ENG,1,1650.79382324,2017-07-07,2017-07-22
69,Bournemouth,ENG,1,1650.79382324,2017-07-23,2017-07-26
68,Bournemouth,ENG,1,1650.79382324,2017-07-27,2017-07-27
68,Bournemouth,ENG,1,1650.81311035,2017-07-28,2017-07-29
67,Bournemouth,ENG,1,1650.81311035,2017-07-30,2017-08-02
68,Bournemouth,ENG,1,1650.81311035,2017-08-03,2017-08-03
65,Bournemouth,ENG,1,1651.14379883,2017-08-04,2017-08-12
72,Bournemouth,ENG,1,1644.90197754,2017-08-13,2017-08-15
71,Bournemouth,ENG,1,1647.53015137,2017-08-16,2017-08-16
70,Bournemouth,ENG,1,1647.53015137,2017-08-17,2017-08-17
69,Bournemouth,ENG,1,1648.72521973,2017-08-18,2017-08-19
78,Bournemouth,ENG,1,1633.1307373,2017-08-20,2017-08-23
78,Bournemouth,ENG,1,1634.66308594,2017-08-24,2017-08-24
77,Bournemouth,ENG,1,1634.9440918,2017-08-25,2017-08-25
78,Bournemouth,ENG,1,1634.9440918,2017-08-26,2017-08-26
81,Bournemouth,ENG,1,1630.96228027,2017-08-27,2017-08-27
82,Bournemouth,ENG,1,1630.96228027,2017-08-28,2017-09-09
83,Bournemouth,ENG,1,1627.04980469,2017-09-10,2017-09-11
84,Bournemouth,ENG,1,1627.04980469,2017-09-12,2017-09-12
84,Bournemouth,ENG,1,1628.43969727,2017-09-13,2017-09-13
84,Bournemouth,ENG,1,1632.19909668,2017-09-14,2017-09-14
84,Bournemouth,ENG,1,1629.36547852,2017-09-15,2017-09-15
82,Bournemouth,ENG,1,1634.72827148,2017-09-16,2017-09-16
81,Bournemouth,ENG,1,1634.72827148,2017-09-17,2017-09-18
80,Bournemouth,ENG,1,1634.72827148,2017-09-19,2017-09-23
82,Bournemouth,ENG,1,1630.78063965,2017-09-24,2017-09-26
81,Bournemouth,ENG,1,1633.33251953,2017-09-27,2017-09-27
74,Bournemouth,ENG,1,1641.08825684,2017-09-28,2017-09-28
72,Bournemouth,ENG,1,1639.47790527,2017-09-29,2017-09-30
73,Bournemouth,ENG,1,1639.65380859,2017-10-01,2017-10-14
73,Bournemouth,ENG,1,1638.05651855,2017-10-15,2017-10-15
71,Bournemouth,ENG,1,1638.05651855,2017-10-16,2017-10-17
71,Bournemouth,ENG,1,1643.84179688,2017-10-18,2017-10-18
70,Bournemouth,ENG,1,1644.26367188,2017-10-19,2017-10-19
70,Bournemouth,ENG,1,1641.17028809,2017-10-20,2017-10-21
64,Bournemouth,ENG,1,1652.10437012,2017-10-22,2017-10-25
63,Bournemouth,ENG,1,1652.10437012,2017-10-26,2017-10-28
64,Bournemouth,ENG,1,1648.76647949,2017-10-29,2017-10-29
67,Bournemouth,ENG,1,1648.76647949,2017-10-30,2017-10-31
68,Bournemouth,ENG,1,1646.00061035,2017-11-01,2017-11-01
60,Bournemouth,ENG,1,1654.25378418,2017-11-02,2017-11-02
63,Bournemouth,ENG,1,1648.61633301,2017-11-03,2017-11-04
54,Bournemouth,ENG,1,1658.05944824,2017-11-05,2017-11-05
53,Bournemouth,ENG,1,1658.05944824,2017-11-06,2017-11-18
52,Bournemouth,ENG,1,1666.1706543,2017-11-19,2017-11-19
54,Bournemouth,ENG,1,1666.1706543,2017-11-20,2017-11-21
54,Bournemouth,ENG,1,1668.4822998,2017-11-22,2017-11-22
55,Bournemouth,ENG,1,1665.70983887,2017-11-23,2017-11-23
58,Bournemouth,ENG,1,1655.19091797,2017-11-24,2017-11-25
59,Bournemouth,ENG,1,1655.96166992,2017-11-26,2017-11-26
58,Bournemouth,ENG,1,1655.96166992,2017-11-27,2017-11-27
59,Bournemouth,ENG,1,1655.96166992,2017-11-28,2017-11-29
61,Bournemouth,ENG,1,1646.96716309,2017-11-30,2017-12-01
62,Bournemouth,ENG,1,1646.96716309,2017-12-02,2017-12-02
63,Bournemouth,ENG,1,1646.96716309,2017-12-03,2017-12-03
67,Bournemouth,ENG,1,1645.97192383,2017-12-04,2017-12-04
66,Bournemouth,ENG,1,1645.97192383,2017-12-05,2017-12-05
67,Bournemouth,ENG,1,1646.0144043,2017-12-06,2017-12-06
68,Bournemouth,ENG,1,1645.27526855,2017-12-07,2017-12-07
62,Bournemouth,ENG,1,1649.16174316,2017-12-08,2017-12-09
61,Bournemouth,ENG,1,1649.93261719,2017-12-10,2017-12-13
61,Bournemouth,ENG,1,1648.09326172,2017-12-14,2017-12-16
60,Bournemouth,ENG,1,1648.09326172,2017-12-17,2017-12-17
65,Bournemouth,ENG,1,1640.03259277,2017-12-18,2017-12-18
66,Bournemouth,ENG,1,1640.03259277,2017-12-19,2017-12-21
64,Bournemouth,ENG,1,1640.03259277,2017-12-22,2017-12-22
63,Bournemouth,ENG,1,1640.03259277,2017-12-23,2017-12-23
66,Bournemouth,ENG,1,1637.78112793,2017-12-24,2017-12-26
68,Bournemouth,ENG,1,1636.23693848,2017-12-27,2017-12-30
62,Bournemouth,ENG,1,1644.53466797,2017-12-31,2017-12-31
63,Bournemouth,ENG,1,1644.53466797,2018-01-01,2018-01-01
62,Bournemouth,ENG,1,1645.2322998,2018-01-02,2018-01-02
63,Bournemouth,ENG,1,1645.2322998,2018-01-03,2018-01-06
64,Bournemouth,ENG,1,1645.2322998,2018-01-07,2018-01-07
63,Bournemouth,ENG,1,1645.2322998,2018-01-08,2018-01-13
64,Bournemouth,ENG,1,1645.2322998,2018-01-14,2018-01-14
59,Bournemouth,ENG,1,1656.73071289,2018-01-15,2018-01-20
57,Bournemouth,ENG,1,1658.66943359,2018-01-21,2018-01-21
59,Bournemouth,ENG,1,1658.66943359,2018-01-22,2018-01-30
60,Bournemouth,ENG,1,1658.66943359,2018-01-31,2018-01-31
45,Bournemouth,ENG,1,1684.49914551,2018-02-01,2018-02-03
42,Bournemouth,ENG,1,1689.89672852,2018-02-04,2018-02-10
43,Bournemouth,ENG,1,1689.89672852,2018-02-11,2018-02-11
53,Bournemouth,ENG,1,1671.53100586,2018-02-12,2018-02-13
52,Bournemouth,ENG,1,1674.453125,2018-02-14,2018-02-14
51,Bournemouth,ENG,1,1678.51293945,2018-02-15,2018-02-15
52,Bournemouth,ENG,1,1679.0994873,2018-02-16,2018-02-17
50,Bournemouth,ENG,1,1679.0994873,2018-02-18,2018-02-20
50,Bournemouth,ENG,1,1678.87988281,2018-02-21,2018-02-21
50,Bournemouth,ENG,1,1678.78723145,2018-02-22,2018-02-22
50,Bournemouth,ENG,1,1678.63696289,2018-02-23,2018-02-24
52,Bournemouth,ENG,1,1675.88525391,2018-02-25,2018-03-03
52,Bournemouth,ENG,1,1678.90100098,2018-03-04,2018-03-04
51,Bournemouth,ENG,1,1678.90100098,2018-03-05,2018-03-06
51,Bournemouth,ENG,1,1678.48413086,2018-03-07,2018-03-07
54,Bournemouth,ENG,1,1673.28564453,2018-03-08,2018-03-08
52,Bournemouth,ENG,1,1676.59814453,2018-03-09,2018-03-11
52,Bournemouth,ENG,1,1670.40161133,2018-03-12,2018-03-12
53,Bournemouth,ENG,1,1670.40161133,2018-03-13,2018-03-13
55,Bournemouth,ENG,1,1664.69140625,2018-03-14,2018-03-14
55,Bournemouth,ENG,1,1662.68652344,2018-03-15,2018-03-15
55,Bournemouth,ENG,1,1663.77246094,2018-03-16,2018-03-17
52,Bournemouth,ENG,1,1668.66381836,2018-03-18,2018-03-18
54,Bournemouth,ENG,1,1668.66381836,2018-03-19,2018-03-31
54,Bournemouth,ENG,1,1669.27600098,2018-04-01,2018-04-01
55,Bournemouth,ENG,1,1669.27600098,2018-04-02,2018-04-05
54,Bournemouth,ENG,1,1672.82263184,2018-04-06,2018-04-06
53,Bournemouth,ENG,1,1672.82263184,2018-04-07,2018-04-07
55,Bournemouth,ENG,1,1670.62963867,2018-04-08,2018-04-08
56,Bournemouth,ENG,1,1670.62963867,2018-04-09,2018-04-10
55,Bournemouth,ENG,1,1670.62963867,2018-04-11,2018-04-11
56,Bournemouth,ENG,1,1670.62963867,2018-04-12,2018-04-12
56,Bournemouth,ENG,1,1670.91247559,2018-04-13,2018-04-13
55,Bournemouth,ENG,1,1670.91247559,2018-04-14,2018-04-14
57,Bournemouth,ENG,1,1667.88513184,2018-04-15,2018-04-15
59,Bournemouth,ENG,1,1667.88513184,2018-04-16,2018-04-18
60,Bournemouth,ENG,1,1662.05456543,2018-04-19,2018-04-22
59,Bournemouth,ENG,1,1662.05456543,2018-04-23,2018-04-24
59,Bournemouth,ENG,1,1665.09106445,2018-04-25,2018-04-26
59,Bournemouth,ENG,1,1664.41491699,2018-04-27,2018-04-27
60,Bournemouth,ENG,1,1664.41491699,2018-04-28,2018-04-28
64,Bournemouth,ENG,1,1657.28442383,2018-04-29,2018-05-02
64,Bournemouth,ENG,1,1656.3605957,2018-05-03,2018-05-03
64,Bournemouth,ENG,1,1654.83630371,2018-05-04,2018-05-05
60,Bournemouth,ENG,1,1661.06164551,2018-05-06,2018-05-10
61,Bournemouth,ENG,1,1661.06164551,2018-05-11,2018-05-12
60,Bournemouth,ENG,1,1661.06164551,2018-05-13,2018-05-13
56,Bournemouth,ENG,1,1671.95251465,2018-05-14,2018-05-20
57,Bournemouth,ENG,1,1671.95251465,2018-05-21,2018-05-26
57,Bournemouth,ENG,1,1669.42712402,2018-05-27,2018-07-26
57,Bournemouth,ENG,1,1669.45666504,2018-07-27,2018-08-02
57,Bournemouth,ENG,1,1670.4095459,2018-08-03,2018-08-09
57,Bournemouth,ENG,1,1670.79980469,2018-08-10,2018-08-11
55,Bournemouth,ENG,1,1676.66003418,2018-08-12,2018-08-16
54,Bournemouth,ENG,1,1679.41455078,2018-08-17,2018-08-18
52,Bournemouth,ENG,1,1688.59912109,2018-08-19,2018-08-19
51,Bournemouth,ENG,1,1688.59912109,2018-08-20,2018-08-22
52,Bournemouth,ENG,1,1688.59912109,2018-08-23,2018-08-23
53,Bournemouth,ENG,1,1684.82995605,2018-08-24,2018-08-25
53,Bournemouth,ENG,1,1683.41430664,2018-08-26,2018-08-26
54,Bournemouth,ENG,1,1683.41430664,2018-08-27,2018-08-30
54,Bournemouth,ENG,1,1680.95068359,2018-08-31,2018-09-01
54,Bournemouth,ENG,1,1676.8359375,2018-09-02,2018-09-02
55,Bournemouth,ENG,1,1676.8359375,2018-09-03,2018-09-15
52,Bournemouth,ENG,1,1686.36071777,2018-09-16,2018-09-16
50,Bournemouth,ENG,1,1686.36071777,2018-09-17,2018-09-18
50,Bournemouth,ENG,1,1684.52770996,2018-09-19,2018-09-19
52,Bournemouth,ENG,1,1682.59143066,2018-09-20,2018-09-20
52,Bournemouth,ENG,1,1684.93273926,2018-09-21,2018-09-22
57,Bournemouth,ENG,1,1669.43603516,2018-09-23,2018-09-23
58,Bournemouth,ENG,1,1669.43603516,2018-09-24,2018-09-29
60,Bournemouth,ENG,1,1669.43603516,2018-09-30,2018-09-30
61,Bournemouth,ENG,1,1669.43603516,2018-10-01,2018-10-01
57,Bournemouth,ENG,1,1675.72729492,2018-10-02,2018-10-02
56,Bournemouth,ENG,1,1675.65441895,2018-10-03,2018-10-03
58,Bournemouth,ENG,1,1669.45361328,2018-10-04,2018-10-04
61,Bournemouth,ENG,1,1671.29528809,2018-10-05,2018-10-06
52,Bournemouth,ENG,1,1689.53222656,2018-10-07,2018-10-07
50,Bournemouth,ENG,1,1689.53222656,2018-10-08,2018-10-19
51,Bournemouth,ENG,1,1689.53222656,2018-10-20,2018-10-20
55,Bournemouth,ENG,1,1685.99255371,2018-10-21,2018-10-21
54,Bournemouth,ENG,1,1685.99255371,2018-10-22,2018-10-22
53,Bournemouth,ENG,1,1685.99255371,2018-10-23,2018-10-23
53,Bournemouth,ENG,1,1686.58007812,2018-10-24,2018-10-24
52,Bournemouth,ENG,1,1686.10241699,2018-10-25,2018-10-25
54,Bournemouth,ENG,1,1688.72631836,2018-10-26,2018-10-27
46,Bournemouth,ENG,1,1700.67651367,2018-10-28,2018-10-28
44,Bournemouth,ENG,1,1700.67651367,2018-10-29,2018-11-02
45,Bournemouth,ENG,1,1700.67651367,2018-11-03,2018-11-03
48,Bournemouth,ENG,1,1694.80627441,2018-11-04,2018-11-04
49,Bournemouth,ENG,1,1694.80627441,2018-11-05,2018-11-06
50,Bournemouth,ENG,1,1688.39685059,2018-11-07,2018-11-07
49,Bournemouth,ENG,1,1694.42199707,2018-11-08,2018-11-08
49,Bournemouth,ENG,1,1693.24194336,2018-11-09,2018-11-10
52,Bournemouth,ENG,1,1685.20544434,2018-11-11,2018-11-11
53,Bournemouth,ENG,1,1685.20544434,2018-11-12,2018-11-25
53,Bournemouth,ENG,1,1679.60754395,2018-11-26,2018-11-27
53,Bournemouth,ENG,1,1678.8692627,2018-11-28,2018-11-28
53,Bournemouth,ENG,1,1678.03161621,2018-11-29,2018-11-29
53,Bournemouth,ENG,1,1680.64428711,2018-11-30,2018-12-01
54,Bournemouth,ENG,1,1678.80871582,2018-12-02,2018-12-03
53,Bournemouth,ENG,1,1678.80871582,2018-12-04,2018-12-04
53,Bournemouth,ENG,1,1682.58520508,2018-12-05,2018-12-08
55,Bournemouth,ENG,1,1675.04711914,2018-12-09,2018-12-11
55,Bournemouth,ENG,1,1678.21520996,2018-12-12,2018-12-12
55,Bournemouth,ENG,1,1676.22045898,2018-12-13,2018-12-13
53,Bournemouth,ENG,1,1674.02832031,2018-12-14,2018-12-15
58,Bournemouth,ENG,1,1662.67297363,2018-12-16,2018-12-22
54,Bournemouth,ENG,1,1670.83398438,2018-12-23,2018-12-23
55,Bournemouth,ENG,1,1670.83398438,2018-12-24,2018-12-26
57,Bournemouth,ENG,1,1666.40515137,2018-12-27,2018-12-30
60,Bournemouth,ENG,1,1661.28015137,2018-12-31,2019-01-02
61,Bournemouth,ENG,1,1659.49816895,2019-01-03,2019-01-13
64,Bournemouth,ENG,1,1651.16027832,2019-01-14,2019-01-18
65,Bournemouth,ENG,1,1651.16027832,2019-01-19,2019-01-19
60,Bournemouth,ENG,1,1661.55908203,2019-01-20,2019-01-25
61,Bournemouth,ENG,1,1661.55908203,2019-01-26,2019-01-26
59,Bournemouth,ENG,1,1661.55908203,2019-01-27,2019-01-30
48,Bournemouth,ENG,1,1684.04614258,2019-01-31,2019-02-02
55,Bournemouth,ENG,1,1669.9588623,2019-02-03,2019-02-03
54,Bournemouth,ENG,1,1669.9588623,2019-02-04,2019-02-04
55,Bournemouth,ENG,1,1669.9588623,2019-02-05,2019-02-09
56,Bournemouth,ENG,1,1667.01660156,2019-02-10,2019-02-12
58,Bournemouth,ENG,1,1662.91003418,2019-02-13,2019-02-13
55,Bournemouth,ENG,1,1666.78662109,2019-02-14,2019-02-14
57,Bournemouth,ENG,1,1665.84118652,2019-02-15,2019-02-16
58,Bournemouth,ENG,1,1665.84118652,2019-02-17,2019-02-19
58,Bournemouth,ENG,1,1665.23828125,2019-02-20,2019-02-20
58,Bournemouth,ENG,1,1665.91943359,2019-02-21,2019-02-21
59,Bournemouth,ENG,1,1668.89807129,2019-02-22,2019-02-22
60,Bournemouth,ENG,1,1668.89807129,2019-02-23,2019-02-23
61,Bournemouth,ENG,1,1667.16833496,2019-02-24,2019-02-24
62,Bournemouth,ENG,1,1667.16833496,2019-02-25,2019-02-25
63,Bournemouth,ENG,1,1667.16833496,2019-02-26,2019-02-26
64,Bournemouth,ENG,1,1667.16833496,2019-02-27,2019-02-27
65,Bournemouth,ENG,1,1661.61474609,2019-02-28,2019-03-02
64,Bournemouth,ENG,1,1659.15136719,2019-03-03,2019-03-05
64,Bournemouth,ENG,1,1660.61474609,2019-03-06,2019-03-06
61,Bournemouth,ENG,1,1667.52868652,2019-03-07,2019-03-07
62,Bournemouth,ENG,1,1665.78100586,2019-03-08,2019-03-09
57,Bournemouth,ENG,1,1674.08422852,2019-03-10,2019-03-10
56,Bournemouth,ENG,1,1674.08422852,2019-03-11,2019-03-12
57,Bournemouth,ENG,1,1674.60046387,2019-03-13,2019-03-13
53,Bournemouth,ENG,1,1680.07629395,2019-03-14,2019-03-14
52,Bournemouth,ENG,1,1686.25305176,2019-03-15,2019-03-16
53,Bournemouth,ENG,1,1684.1829834,2019-03-17,2019-03-17
54,Bournemouth,ENG,1,1684.1829834,2019-03-18,2019-03-30
57,Bournemouth,ENG,1,1675.86132812,2019-03-31,2019-04-05
56,Bournemouth,ENG,1,1675.86132812,2019-04-06,2019-04-06
64,Bournemouth,ENG,1,1661.18432617,2019-04-07,2019-04-07
63,Bournemouth,ENG,1,1661.18432617,2019-04-08,2019-04-09
63,Bournemouth,ENG,1,1662.70263672,2019-04-10,2019-04-10
64,Bournemouth,ENG,1,1661.21972656,2019-04-11,2019-04-11
63,Bournemouth,ENG,1,1665.08251953,2019-04-12,2019-04-13
53,Bournemouth,ENG,1,1684.74987793,2019-04-14,2019-04-14
52,Bournemouth,ENG,1,1684.74987793,2019-04-15,2019-04-16
51,Bournemouth,ENG,1,1682.95153809,2019-04-17,2019-04-17
52,Bournemouth,ENG,1,1684.3692627,2019-04-18,2019-04-18
51,Bournemouth,ENG,1,1686.52575684,2019-04-19,2019-04-20
58,Bournemouth,ENG,1,1674.19726562,2019-04-21,2019-04-27
58,Bournemouth,ENG,1,1676.45898438,2019-04-28,2019-04-28
59,Bournemouth,ENG,1,1676.45898438,2019-04-29,2019-04-30
60,Bournemouth,ENG,1,1673.07067871,2019-05-01,2019-05-01
62,Bournemouth,ENG,1,1669.16015625,2019-05-02,2019-05-02
61,Bournemouth,ENG,1,1672.44384766,2019-05-03,2019-05-04
56,Bournemouth,ENG,1,1683.94799805,2019-05-05,2019-05-05
55,Bournemouth,ENG,1,1683.94799805,2019-05-06,2019-05-07
51,Bournemouth,ENG,1,1691.78552246,2019-05-08,2019-05-08
47,Bournemouth,ENG,1,1696.8762207,2019-05-09,2019-05-09
47,Bournemouth,ENG,1,1697.81188965,2019-05-10,2019-05-11
49,Bournemouth,ENG,1,1697.81188965,2019-05-12,2019-05-12
51,Bournemouth,ENG,1,1690.28881836,2019-05-13,2019-05-19
49,Bournemouth,ENG,1,1690.28881836,2019-05-20,2019-05-22
48,Bournemouth,ENG,1,1690.28881836,2019-05-23,2019-05-26
50,Bournemouth,ENG,1,1690.28881836,2019-05-27,2019-07-25
50,Bournemouth,ENG,1,1690.30053711,2019-07-26,2019-08-01
50,Bournemouth,ENG,1,1690.30786133,2019-08-02,2019-08-03
49,Bournemouth,ENG,1,1690.30786133,2019-08-04,2019-08-07
50,Bournemouth,ENG,1,1690.30786133,2019-08-08,2019-08-08
49,Bournemouth,ENG,1,1690.49438477,2019-08-09,2019-08-10
53,Bournemouth,ENG,1,1686.796875,2019-08-11,2019-08-13
52,Bournemouth,ENG,1,1686.796875,2019-08-14,2019-08-15
52,Bournemouth,ENG,1,1686.90771484,2019-08-16,2019-08-16
53,Bournemouth,ENG,1,1686.90771484,2019-08-17,2019-08-17
49,Bournemouth,ENG,1,1694.34301758,2019-08-18,2019-08-21
50,Bournemouth,ENG,1,1694.34301758,2019-08-22,2019-08-22
48,Bournemouth,ENG,1,1697.30371094,2019-08-23,2019-08-25
50,Bournemouth,ENG,1,1694.27746582,2019-08-26,2019-08-29
50,Bournemouth,ENG,1,1695.47644043,2019-08-30,2019-08-30
49,Bournemouth,ENG,1,1695.47644043,2019-08-31,2019-08-31
52,Bournemouth,ENG,1,1688.30761719,2019-09-01,2019-09-01
53,Bournemouth,ENG,1,1688.30761719,2019-09-02,2019-09-14
54,Bournemouth,ENG,1,1688.30761719,2019-09-15,2019-09-15
48,Bournemouth,ENG,1,1700.32739258,2019-09-16,2019-09-17
50,Bournemouth,ENG,1,1690.8359375,2019-09-18,2019-09-18
49,Bournemouth,ENG,1,1692.09375,2019-09-19,2019-09-19
48,Bournemouth,ENG,1,1692.33789062,2019-09-20,2019-09-20
41,Bournemouth,ENG,1,1705.36096191,2019-09-21,2019-09-21
40,Bournemouth,ENG,1,1705.36096191,2019-09-22,2019-09-22
39,Bournemouth,ENG,1,1705.36096191,2019-09-23,2019-09-28
40,Bournemouth,ENG,1,1704.87695312,2019-09-29,2019-09-29
41,Bournemouth,ENG,1,1704.87695312,2019-09-30,2019-10-01
41,Bournemouth,ENG,1,1699.2331543,2019-10-02,2019-10-02
41,Bournemouth,ENG,1,1701.55871582,2019-10-03,2019-10-03
41,Bournemouth,ENG,1,1703.44702148,2019-10-04,2019-10-06
42,Bournemouth,ENG,1,1700.71801758,2019-10-07,2019-10-19
45,Bournemouth,ENG,1,1696.56530762,2019-10-20,2019-10-22
43,Bournemouth,ENG,1,1698.67053223,2019-10-23,2019-10-23
42,Bournemouth,ENG,1,1702.79064941,2019-10-24,2019-10-24
42,Bournemouth,ENG,1,1705.26208496,2019-10-25,2019-10-26
41,Bournemouth,ENG,1,1705.67797852,2019-10-27,2019-11-02
38,Bournemouth,ENG,1,1715.34814453,2019-11-03,2019-11-05
41,Bournemouth,ENG,1,1714.68383789,2019-11-06,2019-11-06
41,Bournemouth,ENG,1,1712.89355469,2019-11-07,2019-11-07
39,Bournemouth,ENG,1,1714.26916504,2019-11-08,2019-11-09
41,Bournemouth,ENG,1,1707.71069336,2019-11-10,2019-11-10
40,Bournemouth,ENG,1,1707.71069336,2019-11-11,2019-11-23
44,Bournemouth,ENG,1,1699.28588867,2019-11-24,2019-11-26
44,Bournemouth,ENG,1,1698.25683594,2019-11-27,2019-11-27
44,Bournemouth,ENG,1,1695.59301758,2019-11-28,2019-11-28
51,Bournemouth,ENG,1,1686.55419922,2019-11-29,2019-11-30
52,Bournemouth,ENG,1,1683.35461426,2019-12-01,2019-12-01
54,Bournemouth,ENG,1,1683.35461426,2019-12-02,2019-12-03
54,Bournemouth,ENG,1,1678.171875,2019-12-04,2019-12-07
54,Bournemouth,ENG,1,1674.93017578,2019-12-08,2019-12-08
55,Bournemouth,ENG,1,1674.93017578,2019-12-09,2019-12-10
54,Bournemouth,ENG,1,1677.15356445,2019-12-11,2019-12-11
55,Bournemouth,ENG,1,1676.95349121,2019-12-12,2019-12-12
53,Bournemouth,ENG,1,1679.18078613,2019-12-13,2019-12-13
52,Bournemouth,ENG,1,1679.18078613,2019-12-14,2019-12-14
44,Bournemouth,ENG,1,1692.71850586,2019-12-15,2019-12-15
43,Bournemouth,ENG,1,1692.71850586,2019-12-16,2019-12-16
44,Bournemouth,ENG,1,1692.71850586,2019-12-17,2019-12-20
45,Bournemouth,ENG,1,1692.71850586,2019-12-21,2019-12-21
54,Bournemouth,ENG,1,1683.13171387,2019-12-22,2019-12-22
52,Bournemouth,ENG,1,1683.13171387,2019-12-23,2019-12-26
52,Bournemouth,ENG,1,1683.13171387,2019-12-27,2019-12-28
52,Bournemouth,ENG,1,1683.13171387,2019-12-29,2019-12-30
52,Bournemouth,ENG,1,1683.13171387,2019-12-31,2019-12-31


